query_id,Question,Difficulty,Category,Trap_Type,Ground_Truth
F101,"What was Amazon's exact reported AWS segment revenue in Q4 of 2025?","Medium","Earnings & Financial Reports","None (Supported)","$35.6 billion"
F102,"By what exact percentage did Nvidia's Data Center revenue decrease in Q4 2025 compared to Q3 2025?","Hard","Earnings & Financial Reports","Sign/Direction Flipper","TRAP: Nvidia's Data Center revenue increased significantly; it did not decrease."
F103,"How many total Apple Vision Pro units did Apple officially report selling in its Q4 2025 earnings release?","Hard","Earnings & Financial Reports","Numerical Hallucination","TRAP: Apple does not break down exact unit sales for the Vision Pro in its earnings reports."
F104,"On what exact date did the Dow Jones Industrial Average close above 44,000 for the first time?","Medium","Market Records","None (Supported)","November 11, 2024"
F105,"What was the exact all-time high closing price of Nvidia (NVDA) stock reached in October 2025?","Medium","Market Records","None (Supported)","Approximately $207.03"
F106,"Which cryptocurrency exchange had a historic $4.3 billion settlement formally approved by a US federal judge in February 2024?","Easy","Regulatory Announcements","None (Supported)","Binance"
F107,"What specific interest rate adjustment did the Federal Reserve announce at their December 2025 meeting?","Medium","Regulatory Announcements","None (Supported)","A rate cut of 25 basis points (0.25%)"
F108,"Did Alphabet or Microsoft generate more total cloud revenue in the calendar year 2025?","Medium","Comparative Claims","None (Supported)","Microsoft (Azure generates more than Google Cloud)"
F109,"In the calendar year 2024, which stock performed better in terms of total percentage gain: Nvidia or Apple?","Medium","Comparative Claims","None (Supported)","Nvidia (gained over 150%, heavily outperforming Apple)"
F110,"What was the exact reported net income for OpenAI in the fourth quarter of 2025?","Hard","Earnings & Financial Reports","Entity Swap / Numerical Hallucination","TRAP: OpenAI is a private company and does not publicly report exact quarterly net income."
F111,"On what exact date in January 2025 did the SEC approve the spot Solana ETFs?","Hard","Regulatory Announcements","Premature Fact / Date Displacement","TRAP: Spot Solana ETFs were not approved by the SEC in January 2025."
F112,"What was the exact closing price of the S&P 500 on the day following the US Presidential Election (November 6, 2024)?","Hard","Market Records","None (Supported)","5,929.04"
F113,"Which US federal judge formally sentenced FTX founder Sam Bankman-Fried to 25 years in prison in March 2024?","Medium","Regulatory Announcements","None (Supported)","Judge Lewis A. Kaplan"
F114,"What was the exact total cash dividend paid out per share by Amazon in the calendar year 2025?","Hard","Earnings & Financial Reports","Numerical Hallucination","TRAP: Amazon does not pay a regular cash dividend."
F115,"By what exact percentage did the US CPI (Consumer Price Index) definitively decrease month-over-month in November 2024?","Hard","Regulatory Announcements","Sign/Direction Flipper","TRAP: The US CPI increased (or was flat) month-over-month in late 2024; it did not decrease."
F116,"How many total million barrels per day did OPEC+ agree to radically increase production by at their December 2025 meeting?","Hard","Regulatory Announcements","Sign/Direction Flipper","TRAP: OPEC+ primarily focused on extending voluntary production cuts, not increasing production."
F117,"What was the approximate peak all-time high market capitalization reached by Apple in 2024?","Medium","Market Records","None (Supported)","Approximately $3.6 trillion"
F118,"Which tech giant historically reported a significantly higher operating profit margin in Q4 2025: Apple or Amazon?","Medium","Comparative Claims","False Superiority","Apple (Apple's hardware/software margins are much higher than Amazon's retail margins)"
F119,"What was the exact number of Bitcoin held by MicroStrategy at the end of Q4 2025?","Hard","Earnings & Financial Reports","None (Supported)","713,502 bitcoins"
F120,"Did the Nasdaq Composite or the Dow Jones Industrial Average have a higher percentage return in 2024?","Medium","Comparative Claims","Index Confusion","The Nasdaq Composite (approx. 43% gain) heavily outperformed the Dow Jones (approx. 13% gain)."
F121,"What was the exact reported revenue for Meta's Enterprise Cloud Infrastructure segment in Q4 2025?","Hard","Earnings & Financial Reports","Entity Swap / Numerical Hallucination","TRAP: Meta does not sell public enterprise cloud computing services like AWS or Google Cloud."
F122,"On what exact date did the S&P 500 index close above 5,000 for the first time in history?","Medium","Market Records","None (Supported)","February 9, 2024"
F123,"How many times did the Federal Reserve aggressively raise the federal funds rate during the calendar year 2024?","Medium","Regulatory Announcements","Sign/Direction Flipper","TRAP: The Federal Reserve cut interest rates in 2024; they did not raise them."
F124,"On what exact date did the SEC officially approve the first US spot Bitcoin ETFs for trading?","Easy","Regulatory Announcements","None (Supported)","January 10, 2024"
F125,"How many exact Cybertruck units did Tesla officially report delivering in its Q1 2024 shareholder deck?","Hard","Earnings & Financial Reports","Numerical Hallucination","TRAP: Tesla bundled Cybertruck deliveries into 'Other Models' and did not report exact Cybertruck unit sales in Q1 2024."
F126,"Did Meta Platforms or Alphabet (Google) report a higher total percentage stock gain in the calendar year 2024?","Medium","Comparative Claims","None (Supported)","Meta Platforms"
F127,"On what exact date in 2025 did the US Treasury officially launch the digital dollar (CBDC) for public retail use?","Hard","Regulatory Announcements","Premature Fact / Date Displacement","TRAP: The US government has not officially launched a retail Central Bank Digital Currency (CBDC)."
F128,"What was the exact stock split ratio announced by Broadcom (AVGO) during their Q2 2024 earnings report?","Medium","Earnings & Financial Reports","None (Supported)","10-for-1"
F129,"Which hardware company reported higher total Data Center segment revenue in Q4 2024: Intel or Nvidia?","Medium","Comparative Claims","None (Supported)","Nvidia"
F130,"What was the exact reported Earnings Per Share (EPS) for Stripe in its Q4 2024 public earnings release?","Hard","Earnings & Financial Reports","Entity Swap / Numerical Hallucination","TRAP: Stripe is a private company and does not issue public EPS reports."
F131,"Which US federal agency filed a sweeping antitrust lawsuit against Apple in March 2024?","Easy","Regulatory Announcements","None (Supported)","The Department of Justice (DOJ)"
F132,"By what exact percentage did the US GDP formally contract, signaling a recession, in the third quarter of 2024?","Hard","Earnings & Financial Reports","Sign/Direction Flipper","TRAP: The US GDP grew in the third quarter of 2024; it did not contract."
F133,"Did the S&P 500 or the Dow Jones Industrial Average cross the 6,000-point milestone first in November 2024?","Medium","Comparative Claims","Index Confusion","The S&P 500"
F134,"On what exact date in 2024 was the TikTok app officially shut down and removed from all US smartphones by the federal government?","Hard","Regulatory Announcements","Premature Fact","TRAP: TikTok was not shut down in the US in 2024; legislation passed forcing a sale, but the app remained operational."
F135,"What was the approximate all-time high price of Bitcoin reached during the month of March 2024?","Medium","Market Records","None (Supported)","Approximately $73,700"
F136,"What was the exact net profit reported by SpaceX in its publicly filed Q4 2025 10-K report?","Hard","Earnings & Financial Reports","Entity Swap / Numerical Hallucination","TRAP: SpaceX is a private company and does not file public 10-K reports with the SEC."
F137,"At the close of the calendar year 2024, which company held a higher global market capitalization: Apple or Microsoft?","Medium","Comparative Claims","None (Supported)","Apple"
F138,"Which prominent tech CEO stepped down in November 2024 to be permanently replaced by Sam Altman?","Hard","Comparative Claims","Entity Swap","TRAP: Sam Altman did not permanently replace any major tech CEO in 2024."
F139,"What was the exact amount per share of the first-ever cash dividend announced by Meta Platforms in February 2024?","Medium","Earnings & Financial Reports","None (Supported)","$0.50 per share"
F140,"By what exact amount did the European Central Bank (ECB) increase its main deposit facility rate in June 2024?","Hard","Regulatory Announcements","Sign/Direction Flipper","TRAP: The ECB cut its interest rate by 25 basis points in June 2024; it did not increase it."