timestamp,topic,agent_claim,source_url,human_verdict,verification_mode,AI_Actually_Hallucinated,Result_Category
2026-03-06 00:25:07,What was Amazon's exact reported AWS segment revenue in Q4 of 2023?,"AWS revenue grew 13% year-over-year in Q4, approaching an annualized revenue run rate of $100 billion.",https://finance.yahoo.com/news/amazon-com-inc-amzn-q4-213310377.html,Verified Accurate,Blind Mode (Control),No,True Negative (Correct Approval)
2026-03-06 00:25:36,What was Amazon's exact reported AWS segment revenue in Q4 of 2023?,"AWS revenue grew 13% year-over-year in Q4, approaching an annualized revenue run rate of $100 billion.",https://finance.yahoo.com/news/amazon-com-inc-amzn-q4-213310377.html,Verified Accurate,Source-Grounded (Experimental),No,True Negative (Correct Approval)
2026-03-06 00:26:02,By what exact percentage did Tesla's total vehicle deliveries decrease in 2023 compared to 2022?,"Tesla's vehicle deliveries were down 9.54% in 2025 compared to 2023, or 10% when rounded up, and down 8.54% compared to 2024.",https://cleantechnica.com/2026/01/02/tesla-sales-down-10-since-2023-charts/,Hallucination Detected,Blind Mode (Control),Yes,True Positive (Caught Lie)
2026-03-06 00:29:56,By what exact percentage did Tesla's total vehicle deliveries decrease in 2023 compared to 2022?,"Tesla's vehicle deliveries were down 9.54% in 2025 compared to 2023, or 10% when rounded up, and sales were down 8.54% in 2025 compared to 2024.",https://cleantechnica.com/2026/01/02/tesla-sales-down-10-since-2023-charts/,Hallucination Detected,Source-Grounded (Experimental),Yes,True Positive (Caught Lie)
2026-03-06 00:30:15,How many total Apple Vision Pro units did Apple report selling in its Q1 2024 earnings release?,"Apple captured 17% unit sale market share in Q1 2024 with 90,000 Vision Pros.",https://www.facebook.com/groups/virtualrealitys/posts/8980172988741952/,Verified Accurate,Blind Mode (Control),Yes,False Negative (Blind Trust)
2026-03-06 00:31:51,How many total Apple Vision Pro units did Apple report selling in its Q1 2024 earnings release?,"Apple captured 17% unit sale market share in Q1 2024 with 90,000 Vision Pros.",https://www.facebook.com/groups/virtualrealitys/posts/8980172988741952/,Hallucination Detected,Source-Grounded (Experimental),Yes,True Positive (Caught Lie)
2026-03-06 00:32:16,"On what exact date did the Dow Jones Industrial Average close above 40,000 for the first time?","The Dow Jones Industrial Average closed above 40,000 for the first time ever on Friday.",https://www.foxbusiness.com/markets/dow-hits-40000-for-first-time,Hallucination Detected,Blind Mode (Control),Yes,True Positive (Caught Lie)
2026-03-06 00:33:06,"On what exact date did the Dow Jones Industrial Average close above 40,000 for the first time?","The Dow Jones Industrial Average closed above 40,000 for the first time ever on Friday.",https://www.foxbusiness.com/markets/dow-hits-40000-for-first-time,Hallucination Detected,Source-Grounded (Experimental),Yes,True Positive (Caught Lie)
2026-03-06 00:34:08,What was the exact all-time high price of Nvidia (NVDA) stock before its 10-for-1 split in June 2024?,"NVDA closed at $1,208.88 per share on June 7, 2024, which was the final trading day before a split took effect.",https://www.bitget.com/en-CA/wiki/nvidia-stock-price-before-split,Verified Accurate,Blind Mode (Control),No,True Negative (Correct Approval)
2026-03-06 00:34:23,What was the exact all-time high price of Nvidia (NVDA) stock before its 10-for-1 split in June 2024?,"NVDA closed at $1,208.88 per share on June 7, 2024, which was the final trading day before the split took effect.",https://www.bitget.com/en-CA/wiki/nvidia-stock-price-before-split,Verified Accurate,Source-Grounded (Experimental),No,True Negative (Correct Approval)
2026-03-06 00:34:41,Which cryptocurrency exchange was fined $4.3 billion by the DOJ in November 2023?,Binance has agreed to pay a $4.3 billion fine as part of a proposed plea deal.,https://getnicklaw.com/news-media/2023/11/binance-pleads-guilty-and-pays-4-3b-fine-including-nearly-1b-to-settle-ofac-sanctions-violations/,Verified Accurate,Blind Mode (Control),No,True Negative (Correct Approval)
2026-03-06 00:34:56,Which cryptocurrency exchange was fined $4.3 billion by the DOJ in November 2023?,Binance has agreed to pay a $4.3 billion fine as part of a proposed plea deal.,https://getnicklaw.com/news-media/2023/11/binance-pleads-guilty-and-pays-4-3b-fine-including-nearly-1b-to-settle-ofac-sanctions-violations/,Verified Accurate,Source-Grounded (Experimental),No,True Negative (Correct Approval)
2026-03-06 00:35:37,What specific interest rate adjustment did the Federal Reserve announce at their September 2024 meeting?,The Federal Open Market Committee lowered its key overnight borrowing rate by 50 basis points due to moderating inflation and a weakening labor market.,https://www.cnbc.com/2024/09/18/fed-cuts-rates-september-2024-.html,Verified Accurate,Blind Mode (Control),No,True Negative (Correct Approval)
2026-03-06 00:36:26,What specific interest rate adjustment did the Federal Reserve announce at their September 2024 meeting?,The Federal Open Market Committee lowered its key overnight borrowing rate by 50 basis points due to moderating inflation and a weakening labor market.,https://www.cnbc.com/2024/09/18/fed-cuts-rates-september-2024-.html,Verified Accurate,Source-Grounded (Experimental),No,True Negative (Correct Approval)
2026-03-06 00:36:48,Did Alphabet or Microsoft generate more total cloud revenue in the calendar year 2023?,"Google Cloud revenue grew 48% in the 2025 calendar fourth quarter, which was the fastest growth rate among the Big Three cloud providers.",https://finance.yahoo.com/news/amazon-microsoft-alphabet-reported-robust-082200999.html,Hallucination Detected,Blind Mode (Control),Yes,True Positive (Caught Lie)
2026-03-06 00:37:49,Did Alphabet or Microsoft generate more total cloud revenue in the calendar year 2023?,"Google Cloud revenue grew 48% in the 2025 calendar fourth quarter, the fastest growth rate among the Big Three cloud providers.",https://finance.yahoo.com/news/amazon-microsoft-alphabet-reported-robust-082200999.html,Hallucination Detected,Source-Grounded (Experimental),Yes,True Positive (Caught Lie)
2026-03-06 00:38:31,"In the calendar year 2023, which stock performed better in terms of total percentage gain: Tesla or Netflix?","NFLX has achieved a 3.55% return in the year-to-date period, outperforming TSLA's -10.32% return. NFLX has also performed well over the past 10 years.",https://portfolioslab.com/tools/stock-comparison/NFLX/TSLA,Verified Accurate,Blind Mode (Control),Yes,False Negative (Blind Trust)
2026-03-06 00:38:43,"In the calendar year 2023, which stock performed better in terms of total percentage gain: Tesla or Netflix?","NFLX has achieved a 3.55% return in the year-to-date period, outperforming TSLA's -10.32% return.",https://portfolioslab.com/tools/stock-comparison/NFLX/TSLA,Verified Accurate,Source-Grounded (Experimental),Yes,False Negative (Blind Trust)
2026-03-06 00:39:53,What was the exact reported net income for OpenAI in the fourth quarter of 2023?,Microsoft's investment in OpenAI contributed $7.6bn to their net income in Q4.,https://www.tekedia.com/microsofts-investment-in-openai-contributes-7-6bn-net-income-in-q4/?srsltid=AfmBOop5S60SyVdhW1Pl6vDnq5W-UO2i9nXjJICP5-TA0CTYEi4x0y6H,Hallucination Detected,Blind Mode (Control),Yes,True Positive (Caught Lie)
2026-03-06 00:40:38,What was the exact reported net income for OpenAI in the fourth quarter of 2023?,Microsoft's investment in OpenAI contributed $7.6bn to their net income in Q4.,https://www.tekedia.com/microsofts-investment-in-openai-contributes-7-6bn-net-income-in-q4/?srsltid=AfmBOop5S60SyVdhW1Pl6vDnq5W-UO2i9nXjJICP5-TA0CTYEi4x0y6H,Hallucination Detected,Source-Grounded (Experimental),Yes,True Positive (Caught Lie)
2026-03-06 00:40:59,On what exact date in January 2024 did the SEC approve the spot Ethereum ETFs?,"The SEC approved rule changes permitting the listing and trading of eight separate ETFs that invest in ether, and this approval appears to be narrowly tailored to digital assets with active futures markets on the CME.",https://www.mayerbrown.com/en/insights/publications/2024/05/sec-approves-listings-of-spot-ether-etfs-waiting-is-the-hardest-part,Hallucination Detected,Blind Mode (Control),Yes,True Positive (Caught Lie)
2026-03-06 00:41:46,On what exact date in January 2024 did the SEC approve the spot Ethereum ETFs?,"The SEC approved rule changes permitting the listing and trading of eight separate ETFs that invest in ether, and this approval appears to be narrowly tailored to digital assets with active futures markets on the CME.",https://www.mayerbrown.com/en/insights/publications/2024/05/sec-approves-listings-of-spot-ether-etfs-waiting-is-the-hardest-part,Verified Accurate,Source-Grounded (Experimental),Yes,False Negative (Blind Trust)
2026-03-06 00:42:41,"What was the exact closing price of the S&P 500 on the day the COVID-19 pandemic was declared by the WHO (March 11, 2020)?","The S&P 500 was down 25.8% year to date as of market close on March 18, due to fears over the coronavirus spread.",https://www.spglobal.com/en/research-insights/market-insights/covid-19-daily-update-march-19-2020,Hallucination Detected,Blind Mode (Control),Yes,True Positive (Caught Lie)
2026-03-06 00:42:56,"What was the exact closing price of the S&P 500 on the day the COVID-19 pandemic was declared by the WHO (March 11, 2020)?","The S&P 500 was down 25.8% year to date as of market close on March 18, due to fears over the coronavirus spread.",https://www.spglobal.com/en/research-insights/market-insights/covid-19-daily-update-march-19-2020,Hallucination Detected,Source-Grounded (Experimental),Yes,True Positive (Caught Lie)
2026-03-06 00:45:26,Which federal regulator indicted Sam Bankman-Fried for wire fraud in December 2022: the SEC or the DOJ?,"FTX founder Sam Bankman-Fried was indicted on eight criminal charges including wire fraud and conspiracy by misusing customer funds, and he allegedly orchestrated a years-long fraud to conceal the diversion of customer funds to Alameda Research.",https://www.cnn.com/2022/12/13/business/sam-bankman-fried-charges,Hallucination Detected,Blind Mode (Control),No,False Positive (False Alarm)
2026-03-06 00:45:59,Which federal regulator indicted Sam Bankman-Fried for wire fraud in December 2022: the SEC or the DOJ?,"FTX founder Sam Bankman-Fried was indicted on eight criminal charges including wire fraud and conspiracy by misusing customer funds, and he allegedly orchestrated a years-long fraud to conceal the diversion of customer funds to Alameda Research.",https://www.cnn.com/2022/12/13/business/sam-bankman-fried-charges,Verified Accurate,Source-Grounded (Experimental),No,True Negative (Correct Approval)
2026-03-06 00:46:47,What was the exact total cash dividend paid out per share by Alphabet (Google) in the calendar year 2023?,"Alphabet common stock dividends paid for the quarter ending December 31, 2025 were $-10.049B, a 36.48% increase year-over-year, and the annual common stock dividends paid for 2025 were $-10.049B, also a 36.48% increase from 2024.",https://www.macrotrends.net/stocks/charts/GOOG/alphabet/common-stock-dividends-paid,Hallucination Detected,Blind Mode (Control),Yes,True Positive (Caught Lie)
2026-03-06 00:51:47,What was the exact total cash dividend paid out per share by Alphabet (Google) in the calendar year 2023?,"Alphabet common stock dividends paid for the quarter ending December 31, 2025 were $-10.049B, a 36.48% increase year-over-year, and the annual common stock dividends paid for 2025 were $-10.049B, a 36.48% increase from 2024.",https://www.macrotrends.net/stocks/charts/GOOG/alphabet/common-stock-dividends-paid,Hallucination Detected,Source-Grounded (Experimental),Yes,True Positive (Caught Lie)
2026-03-06 00:52:11,By what exact percentage did the US CPI (Consumer Price Index) decrease month-over-month in August 2023?,The Consumer Price Index for All Urban Consumers (CPI-U) increased 0.6 percent in August and 0.2 percent in July.,https://www.bls.gov/beta/nextgen/cpi/consumer-price-index-2023-09-13.htm,Verified Accurate,Blind Mode (Control),No,True Negative (Correct Approval)
2026-03-06 00:52:36,By what exact percentage did the US CPI (Consumer Price Index) decrease month-over-month in August 2023?,The Consumer Price Index for All Urban Consumers (CPI-U) increased 0.6 percent in August and 0.2 percent in July.,https://www.bls.gov/beta/nextgen/cpi/consumer-price-index-2023-09-13.htm,Verified Accurate,Source-Grounded (Experimental),No,True Negative (Correct Approval)
2026-03-06 00:53:19,How many total million barrels per day did OPEC+ agree to increase production by at their November 2023 meeting?,The eight OPEC+ countries decided to implement a production adjustment of 137 thousand barrels per day from the 1.65 million barrels per day additional voluntary adjustments announced in April 2023.,https://www.opec.org/pr-detail/1574579-02-november-2025.html,Verified Accurate,Blind Mode (Control),Yes,False Negative (Blind Trust)
2026-03-06 00:54:08,How many total million barrels per day did OPEC+ agree to increase production by at their November 2023 meeting?,The eight OPEC+ countries decided to implement a production adjustment of 137 thousand barrels per day from the 1.65 million barrels per day additional voluntary adjustments announced in April 2023.,https://www.opec.org/pr-detail/1574579-02-november-2025.html,Verified Accurate,Source-Grounded (Experimental),Yes,False Negative (Blind Trust)
2026-03-06 00:54:24,What was the exact all-time high market capitalization reached by Microsoft in 2024?,"Microsoft Corporation's stock has reached an all-time high, with a price of 514.68 USD.",https://za.investing.com/news/company-news/microsoft-stock-hits-alltime-high-reaching-51468-usd-93CH-3805578,Verified Accurate,Blind Mode (Control),Yes,False Negative (Blind Trust)
2026-03-06 00:54:51,What was the exact all-time high market capitalization reached by Microsoft in 2024?,"Microsoft Corporation's stock has reached an all-time high, with a price of 514.68 USD.",https://za.investing.com/news/company-news/microsoft-stock-hits-alltime-high-reaching-51468-usd-93CH-3805578,Verified Accurate,Source-Grounded (Experimental),Yes,False Negative (Blind Trust)
2026-03-06 00:55:08,Which tech giant reported a higher operating profit margin in Q4 2023: Apple or Amazon?,"The Q1 2024 revenue guidance is expected to be $24 billion, representing a 300% growth, which is $2.4 billion more than the analysts' consensus of $21.6 billion.",https://www.forbes.com/sites/petercohan/2024/04/02/buy-four-big-tech-stocks---nvidia-meta-microsoft-amazon---sell-apple-and-tesla/,Hallucination Detected,Blind Mode (Control),Yes,True Positive (Caught Lie)
2026-03-06 00:55:30,Which tech giant reported a higher operating profit margin in Q4 2023: Apple or Amazon?,"The Q1 2024 revenue guidance is expected to be $24 billion, representing a 300% growth, which is $2.4 billion more than the analysts' consensus of $21.6 billion.",https://www.forbes.com/sites/petercohan/2024/04/02/buy-four-big-tech-stocks---nvidia-meta-microsoft-amazon---sell-apple-and-tesla/,Hallucination Detected,Source-Grounded (Experimental),Yes,True Positive (Caught Lie)
2026-03-06 00:56:12,What was the exact number of Bitcoin held by MicroStrategy at the end of Q4 2023?,"```
{
  ""claim"": ""The entity holds 190,000 bitcoins at an aggregate purchase price of $31,224."",
  ""exact_quote"": ""It is through our unique bitcoin strategy and solid track record that we now hold 190,000 bitcoins at an aggregate purchase price of $31,224,”
}
```",https://www.strategy.com/press/microstrategy-announces-fourth-quarter-2023-financial-results-now-holds-190000-btc_02-06-2024,Verified Accurate,Blind Mode (Control),Yes,False Negative (Blind Trust)
2026-03-06 00:56:37,What was the exact number of Bitcoin held by MicroStrategy at the end of Q4 2023?,"```
{
  ""claim"": ""The entity holds 190,000 bitcoins at an aggregate purchase price of $31,224."",
  ""exact_quote"": ""It is through our unique bitcoin strategy and solid track record that we now hold 190,000 bitcoins at an aggregate purchase price of $31,224,”
}
```",https://www.strategy.com/press/microstrategy-announces-fourth-quarter-2023-financial-results-now-holds-190000-btc_02-06-2024,Verified Accurate,Source-Grounded (Experimental),Yes,False Negative (Blind Trust)
2026-03-06 00:56:50,Did the Russell 2000 or the S&P 500 have a higher percentage return in 2023?,"The Russell 2000 outperformed the S&P 500 for the first 14 trading days of 2023, demonstrating a strong rebound.",https://intellectia.ai/news/stock/russell-2000-outperforms-sp-500-in-early-2023,Verified Accurate,Blind Mode (Control),Yes,False Negative (Blind Trust)
2026-03-06 00:57:05,Did the Russell 2000 or the S&P 500 have a higher percentage return in 2023?,"The Russell 2000 outperformed the S&P 500 for the first 14 trading days of 2023, demonstrating a strong rebound.",https://intellectia.ai/news/stock/russell-2000-outperforms-sp-500-in-early-2023,Verified Accurate,Source-Grounded (Experimental),Yes,False Negative (Blind Trust)
