2026-03-08 12:31:43,What was Amazon's exact reported AWS segment revenue in Q4 of 2025?,"Amazon's Q4 revenue hit $213.4 billion, with the ad business jumping 22% and AWS revenue climbing 24% to $35.58 billion.",https://www.linkedin.com/posts/danrayburn_aws-aicapex-streamingmedia-activity-7425287381760610305-2VT5,Verified Accurate,Blind Mode (Control)
2026-03-08 12:31:59,What was Amazon's exact reported AWS segment revenue in Q4 of 2025?,"Amazon's Q4 revenue hit $213.4 billion, with its ad business jumping 22% and AWS revenue climbing 24% to $35.58 billion.",https://www.linkedin.com/posts/danrayburn_aws-aicapex-streamingmedia-activity-7425287381760610305-2VT5,Verified Accurate,Source-Grounded (Experimental)
2026-03-08 12:33:04,By what exact percentage did Nvidia's Data Center revenue decrease in Q4 2025 compared to Q3 2025?,"NVIDIA's Q3 2026 revenue was $57 billion, up 62% year-over-year, and Q4 2026 revenue guidance is $65 billion, plus or minus 2%.",https://www.alpha-sense.com/earnings/nvda/,Verified Accurate,Blind Mode (Control)
2026-03-08 12:35:45,By what exact percentage did Nvidia's Data Center revenue decrease in Q4 2025 compared to Q3 2025?,"NVIDIA's Q3 2026 revenue was $57 billion, up 62% year-over-year, and Q4 2026 revenue guidance is $65 billion, plus or minus 2%.",https://www.alpha-sense.com/earnings/nvda/,Hallucination Detected,Source-Grounded (Experimental)
2026-03-08 12:36:30,How many total Apple Vision Pro units did Apple officially report selling in its Q4 2025 earnings release?,"Apple's Vision Pro production has been halted and sales are expected to be low, with only 45,000 units expected in the holiday quarter. The production halt is due to poor sales, leading Apple to suspend work on the second-generation Vision Pro.",https://fintool.com/news/apple-vision-pro-production-halt,Verified Accurate,Blind Mode (Control)
2026-03-08 12:37:51,How many total Apple Vision Pro units did Apple officially report selling in its Q4 2025 earnings release?,"Apple's Vision Pro production has been halted and sales are expected to be low, with only 45,000 units expected in the holiday quarter. The production halt is due to poor sales, leading Apple to suspend work on the second-generation Vision Pro.",https://fintool.com/news/apple-vision-pro-production-halt,Hallucination Detected,Source-Grounded (Experimental)
2026-03-08 12:38:19,"On what exact date did the Dow Jones Industrial Average close above 44,000 for the first time?","The Dow Jones Industrial Average closed above 44000 for the first time on record, reaching 44293.13.",https://www.wsj.com/livecoverage/stock-market-today-dow-sp500-nasdaq-live-11-11-2024/card/dow-jones-industrial-average-on-track-to-close-above-44000-for-the-first-time-pn3jVRXg0hYqPjWpJkFr?gaa_at=eafs&gaa_n=AWEtsqfPqcZpKzIwS3whTccGyT2VimAhajiPTvNPehTUMmR3EOkSilIpJ1SC&gaa_ts=69ad23d5&gaa_sig=qMftsxIYi3l-ELLTDpuVhkApYP7IyHu5n7jZSohBjMjvssy3s1VrSbbdv4V-85dpjbTf_JoeDK-QcM-7Ibr6Hw%3D%3D,Hallucination Detected,Blind Mode (Control)
2026-03-08 12:40:46,"On what exact date did the Dow Jones Industrial Average close above 44,000 for the first time?","The Dow Jones Industrial Average closed above 44000 for the first time on record, reaching 44293.13.",https://www.wsj.com/livecoverage/stock-market-today-dow-sp500-nasdaq-live-11-11-2024/card/dow-jones-industrial-average-on-track-to-close-above-44000-for-the-first-time-pn3jVRXg0hYqPjWpJkFr?gaa_at=eafs&gaa_n=AWEtsqfPqcZpKzIwS3whTccGyT2VimAhajiPTvNPehTUMmR3EOkSilIpJ1SC&gaa_ts=69ad23d5&gaa_sig=qMftsxIYi3l-ELLTDpuVhkApYP7IyHu5n7jZSohBjMjvssy3s1VrSbbdv4V-85dpjbTf_JoeDK-QcM-7Ibr6Hw%3D%3D,Hallucination Detected,Source-Grounded (Experimental)
2026-03-08 12:46:36,What was the exact all-time high closing price of Nvidia (NVDA) stock reached in October 2025?,"Nvidia achieved an all-time high stock price of $192.04 on October 9, 2025.",https://markets.financialcontent.com/stocks/article/marketminute-2025-10-9-nvidia-nasdaq-nvda-soars-to-unprecedented-heights-with-19204-all-time-high,Verified Accurate,Blind Mode (Control)
2026-03-08 12:47:20,What was the exact all-time high closing price of Nvidia (NVDA) stock reached in October 2025?,"Nvidia achieved an all-time high stock price of $192.04 on October 9, 2025.",https://markets.financialcontent.com/stocks/article/marketminute-2025-10-9-nvidia-nasdaq-nvda-soars-to-unprecedented-heights-with-19204-all-time-high,Verified Accurate,Source-Grounded (Experimental)
2026-03-08 12:55:41,Which cryptocurrency exchange had a historic $4.3 billion settlement formally approved by a US federal judge in February 2024?,Binance has agreed to pay over $4.3 billion in fines and restitution after pleading guilty to breaking anti-money laundering laws and violating sanctions.,https://www.forbes.com/sites/tylerroush/2024/02/23/judge-approves-binances-43-billion-settlement-for-anti-money-laundering-sanctions-violations/,Verified Accurate,Blind Mode (Control)
2026-03-08 12:55:54,Which cryptocurrency exchange had a historic $4.3 billion settlement formally approved by a US federal judge in February 2024?,Binance has agreed to pay over $4.3 billion in fines and restitution after pleading guilty to breaking anti-money laundering laws and violating sanctions.,https://www.forbes.com/sites/tylerroush/2024/02/23/judge-approves-binances-43-billion-settlement-for-anti-money-laundering-sanctions-violations/,Verified Accurate,Source-Grounded (Experimental)
2026-03-08 12:58:51,What specific interest rate adjustment did the Federal Reserve announce at their December 2025 meeting?,"The Federal Open Market Committee decided to lower the target range for the federal funds rate by 1/4 percentage point to 3-1/2 to 3-3/4 percent, and the Board of Governors voted to approve a 1/4 percentage point decrease in the primary credit rate to 3.75 percent.",https://www.federalreserve.gov/monetarypolicy/fomcminutes20251210.htm,Verified Accurate,Blind Mode (Control)
2026-03-08 13:08:00,What specific interest rate adjustment did the Federal Reserve announce at their December 2025 meeting?,"The Federal Open Market Committee decided to lower the target range for the federal funds rate by 1/4 percentage point to 3-1/2 to 3-3/4 percent, and the Board of Governors voted to approve a 1/4 percentage point decrease in the primary credit rate to 3.75 percent.",https://www.federalreserve.gov/monetarypolicy/fomcminutes20251210.htm,Verified Accurate,Source-Grounded (Experimental)
2026-03-08 13:08:16,Did Alphabet or Microsoft generate more total cloud revenue in the calendar year 2025?,"Google Cloud revenue grew 48% in the fourth quarter, which was the fastest growth rate among the Big Three cloud providers. The total cloud revenue of the Big Three was $35.6 billion, with a 24% year-over-year growth.",https://www.fool.com/investing/2026/02/12/amazon-microsoft-and-alphabet-all-reported-robust/,Verified Accurate,Blind Mode (Control)
2026-03-08 13:12:18,Did Alphabet or Microsoft generate more total cloud revenue in the calendar year 2025?,"Google Cloud revenue grew 48% in the fourth quarter, which was the fastest growth rate among the Big Three cloud providers. The total cloud revenue of the Big Three was $35.6 billion, with a 24% year-over-year growth.",https://www.fool.com/investing/2026/02/12/amazon-microsoft-and-alphabet-all-reported-robust/,Hallucination Detected,Source-Grounded (Experimental)
2026-03-08 13:16:58,"In the calendar year 2024, which stock performed better in terms of total percentage gain: Nvidia or Apple?","Nvidia's stock rose 5.2% and its gain for the year increased, driven by its chips powering the rush into AI.",https://fortune.com/2024/06/05/nvidia-stock-apples-3-trillion-valuation/,Verified Accurate,Blind Mode (Control)
2026-03-08 13:23:58,"In the calendar year 2024, which stock performed better in terms of total percentage gain: Nvidia or Apple?","Nvidia's stock rose 5.2% and its gain for the year increased, driven by its chips powering the rush into AI.",https://fortune.com/2024/06/05/nvidia-stock-apples-3-trillion-valuation/,Hallucination Detected,Source-Grounded (Experimental)
2026-03-08 13:24:18,What was the exact reported net income for OpenAI in the fourth quarter of 2025?,"The annualized growth rate slowed down over the year 2025, despite being very fast. It was 5.5B in December 2025 and 10B in June 2025.",https://www.reddit.com/r/OpenAI/comments/1qgi3rq/official_openai_reports_annual_revenue_of_2025/,Verified Accurate,Blind Mode (Control)
2026-03-08 13:24:47,What was the exact reported net income for OpenAI in the fourth quarter of 2025?,"The annualized growth rate slowed down over the year 2025, despite being very fast. It was 5.5B in December 2025 and 10B in June 2025.",https://www.reddit.com/r/OpenAI/comments/1qgi3rq/official_openai_reports_annual_revenue_of_2025/,Hallucination Detected,Source-Grounded (Experimental)
2026-03-08 13:27:37,On what exact date in January 2025 did the SEC approve the spot Solana ETFs?,"The U.S. Securities and Exchange Commission (SEC) approved the first spot Solana ETF in October 2025, which was launched by 21Shares.",https://coindcx.com/blog/cryptocurrency/solana-etf-explained/,Hallucination Detected,Blind Mode (Control)
2026-03-08 13:27:51,On what exact date in January 2025 did the SEC approve the spot Solana ETFs?,"The U.S. Securities and Exchange Commission (SEC) approved the first spot Solana ETF in October 2025, which was launched by 21Shares.",https://coindcx.com/blog/cryptocurrency/solana-etf-explained/,Verified Accurate,Source-Grounded (Experimental)
2026-03-08 13:31:40,"What was the exact closing price of the S&P 500 on the day following the US Presidential Election (November 6, 2024)?","The S&P 500 closed at a record high of 5,973.10, and the Nasdaq Composite closed above 19,269.46.",https://www.cnbc.com/2024/11/06/stock-market-today-live-updates.html,Verified Accurate,Blind Mode (Control)
2026-03-08 13:32:08,"What was the exact closing price of the S&P 500 on the day following the US Presidential Election (November 6, 2024)?","The S&P 500 closed at a record high of 5,973.10, and the Nasdaq Composite closed above 19,269.46.",https://www.cnbc.com/2024/11/06/stock-market-today-live-updates.html,Verified Accurate,Source-Grounded (Experimental)
2026-03-08 13:35:10,Which US federal judge formally sentenced FTX founder Sam Bankman-Fried to 25 years in prison in March 2024?,"Judge Lewis Kaplan of the Southern District of New York handed down a sentence to Bankman-Fried, who was found guilty by a jury.",https://www.politico.com/news/2024/03/28/fallen-crypto-titan-sam-bankman-fried-sentenced-to-25-years-00149544,Verified Accurate,Blind Mode (Control)
2026-03-08 13:39:03,Which US federal judge formally sentenced FTX founder Sam Bankman-Fried to 25 years in prison in March 2024?,"```
{
  ""claim"": Judge Lewis Kaplan of the Southern District of New York handed down a sentence to Bankman-Fried, who was found guilty by a jury. Bankman-Fried is 32 years old,
  ""exact_quote"": ""Judge Lewis Kaplan of the Southern District of New York handed down the sentence almost five months after a jury found Bankman-Fried, 32, guilty""
}
```",https://www.politico.com/news/2024/03/28/fallen-crypto-titan-sam-bankman-fried-sentenced-to-25-years-00149544,Verified Accurate,Source-Grounded (Experimental)
2026-03-08 13:44:43,What was the exact total cash dividend paid out per share by Amazon in the calendar year 2025?,"IncomeShares Amazon (AMZN) Options ETP paid a total dividend of €1.86 per share in 2025, and the currency of the dividend is euros.",https://stockevents.app/en/stock/OAMZ.F/dividends,Verified Accurate,Blind Mode (Control)
2026-03-08 13:48:30,What was the exact total cash dividend paid out per share by Amazon in the calendar year 2025?,"IncomeShares Amazon (AMZN) Options ETP paid a total dividend of €1.86 per share in 2025, and the dividend is paid in euros.",https://stockevents.app/en/stock/OAMZ.F/dividends,Hallucination Detected,Source-Grounded (Experimental)
2026-03-08 13:49:06,By what exact percentage did the US CPI (Consumer Price Index) definitively decrease month-over-month in November 2024?,The index decreased by 0.1 percent before seasonal adjustment for the month.,https://www.bls.gov/news.release/archives/cpi_12112024.pdf,Verified Accurate,Blind Mode (Control)
2026-03-08 13:55:27,By what exact percentage did the US CPI (Consumer Price Index) definitively decrease month-over-month in November 2024?,The index decreased 0.1 percent prior to seasonal adjustment for the month.,https://www.bls.gov/news.release/archives/cpi_12112024.pdf,Hallucination Detected,Source-Grounded (Experimental)
2026-03-08 13:56:29,How many total million barrels per day did OPEC+ agree to radically increase production by at their December 2025 meeting?,The bloc's quota was raised by a total of 2.9 million bpd during 2025.,https://mei.edu/backgrounder/opec-and-opec/,Verified Accurate,Blind Mode (Control)
2026-03-08 14:04:14,How many total million barrels per day did OPEC+ agree to radically increase production by at their December 2025 meeting?,The bloc's quota was raised by a total of 2.9 million bpd during 2025.,https://mei.edu/backgrounder/opec-and-opec/,Hallucination Detected,Source-Grounded (Experimental)
2026-03-08 14:04:51,What was the approximate peak all-time high market capitalization reached by Apple in 2024?,Apple's market cap reached $3.73 trillion and the company sold a record $94.9 billion in the fourth quarter of fiscal year 2024,https://finance.yahoo.com/news/apple-hits-time-high-market-165410867.html,Verified Accurate,Blind Mode (Control)
2026-03-08 14:05:34,What was the approximate peak all-time high market capitalization reached by Apple in 2024?,Apple's market cap reached $3.73 trillion and the company sold a record $94.9 billion in the fourth quarter of fiscal year 2024,https://finance.yahoo.com/news/apple-hits-time-high-market-165410867.html,Verified Accurate,Source-Grounded (Experimental)
2026-03-08 14:08:25,Which tech giant historically reported a significantly higher operating profit margin in Q4 2025: Apple or Amazon?,"Amazon's Q3 revenue rose 13% to $180B, beating Wall Street forecasts, and Apple's Q4 earnings exceeded Wall Street expectations.",https://www.sportsbusinessjournal.com/Articles/2025/10/30/amazon-apple-beat-wall-street-forecasts-in-quarterly-earnings/,Verified Accurate,Blind Mode (Control)
2026-03-08 14:08:45,Which tech giant historically reported a significantly higher operating profit margin in Q4 2025: Apple or Amazon?,"Amazon's Q3 revenue rose 13% to $180B, beating Wall Street forecasts, and Apple's Q4 earnings exceeded Wall Street forecasts.",https://www.sportsbusinessjournal.com/Articles/2025/10/30/amazon-apple-beat-wall-street-forecasts-in-quarterly-earnings/,Hallucination Detected,Source-Grounded (Experimental)
2026-03-08 14:09:01,What was the exact number of Bitcoin held by MicroStrategy at the end of Q4 2025?,"MicroStrategy holds 720,737 bitcoins, valued at $48,506,299,214, which accounts for 3.432% of their holdings.",https://bitbo.io/treasuries/microstrategy/,Verified Accurate,Blind Mode (Control)
2026-03-08 14:09:28,What was the exact number of Bitcoin held by MicroStrategy at the end of Q4 2025?,"MicroStrategy has a total of 720,737 Bitcoin holdings with a value of $48,506,299,214, which accounts for 3.432% of their holdings.",https://bitbo.io/treasuries/microstrategy/,Verified Accurate,Source-Grounded (Experimental)
2026-03-08 14:10:26,Did the Nasdaq Composite or the Dow Jones Industrial Average have a higher percentage return in 2024?,The Dow Jones Industrial Average (DJIA) tracks 30 blue-chip companies in the U.S. with consistently stable earnings and is a price-weighted index.,https://breakingintowallstreet.com/kb/finance/dow-jones-industrial-average-djia/,Verified Accurate,Blind Mode (Control)
2026-03-08 14:11:04,Did the Nasdaq Composite or the Dow Jones Industrial Average have a higher percentage return in 2024?,The Dow Jones Industrial Average (DJIA) tracks 30 blue-chip companies in the U.S. with consistently stable earnings and is a price-weighted index.,https://breakingintowallstreet.com/kb/finance/dow-jones-industrial-average-djia/,Hallucination Detected,Source-Grounded (Experimental)
